hour,perc_of_customers
7,0.062065361578968525
8,0.09205290026932508
9,0.06110061502592756
10,0.05752301322506733
11,0.04465972585118785
12,0.050327611850303496
13,0.07050689391807693
14,0.0663263255215661
15,0.05366402701290349
16,0.07002452064155645
17,0.07593359327893234
18,0.08903806729107207
19,0.10282590344494914
20,0.06652731438678297
21,0.037424126703380634
